EMPLOY_ID,EMPLOYMENT_STATUS,HIRE_DATE,EMPLOYMENT_DATE,EMPLOYMENT_END,CONTRACT_EXPIRY,PASSPORT_NUM,CREW_ID
EM1212,Active,04/13/2014,09/29/2014,11/14/2016,01/10/2017,2NOIX7WPF,CW215
EM1213,Active,08/08/2010,04/11/2011,02/18/2016,06/12/2016,IRXB5CZ1F,CW220
EM1214,Active,08/08/2010,10/07/2010,10/25/2014,02/27/2015,OSLLYHALJ,CW220
EM1215,Retired,08/08/2010,09/01/2010,05/23/2015,07/16/2015,JHPNQ6UNP,CW220
EM1216,Active,11/03/2008,10/22/2009,03/19/2011,09/05/2011,GDBSONIX7,CW228
EM1217,On Leave,11/03/2008,08/08/2009,11/19/2011,12/21/2011,PV13U2GY0,CW228
EM1218,Retired,11/03/2008,12/21/2008,06/06/2010,10/04/2010,4PF6I9X8Y,CW228
EM1219,On Leave,11/10/2011,06/18/2012,03/18/2017,05/10/2017,12A2JM3KT,CW038
EM1220,On Leave,11/10/2011,11/20/2011,11/01/2014,03/30/2015,SUXZFJR4Y,CW038
EM1221,Retired,09/16/2005,05/22/2006,04/30/2010,07/08/2010,YVM2DT8B2,CW040
EM1222,Retired,09/16/2005,10/18/2005,02/09/2008,03/15/2008,1VP538MRN,CW040
EM1223,Retired,12/09/2005,07/15/2006,04/06/2010,05/23/2010,6F7BMW1R9,CW041
EM1224,Retired,01/02/2011,11/02/2011,05/20/2015,10/05/2015,B03ALL5KA,CW042
EM1225,On Leave,02/12/2006,03/13/2006,10/31/2010,01/03/2011,LYI8QXZ6C,CW043
EM1226,On Leave,02/12/2006,06/13/2006,03/05/2007,08/11/2007,ET5DCJE26,CW043
EM1227,On Leave,01/29/2013,10/31/2013,02/25/2015,04/20/2015,THSEJLFQQ,CW044
EM1228,Active,01/29/2013,10/31/2013,01/31/2016,07/08/2016,Z0OQTBLMQ,CW044
EM1229,Retired,01/29/2013,06/09/2013,03/23/2014,06/18/2014,EQ8BWUZJY,CW044
EM1230,On Leave,03/30/2007,10/13/2007,07/13/2011,12/06/2011,XIUDCVWWM,CW045
EM1231,Active,12/18/2007,11/21/2008,12/27/2009,03/26/2010,FF01RNICW,CW050
EM1232,Retired,12/18/2007,05/04/2008,05/27/2011,10/31/2011,4LRXDS7C2,CW050
EM1233,Retired,04/14/2009,05/21/2009,08/14/2012,10/15/2012,L7RLJPL3O,CW051
EM1234,On Leave,04/14/2009,09/19/2009,01/06/2012,04/09/2012,BRIF1B4L9,CW051
EM1235,On Leave,04/14/2009,01/03/2010,08/23/2011,10/22/2011,DUC6IJXGS,CW051
EM1236,On Leave,05/20/2010,10/15/2010,02/06/2014,03/20/2014,2D87V63AU,CW057
EM1237,Active,05/20/2010,05/11/2011,02/20/2015,08/01/2015,4SLDFLBDV,CW057
EM1238,On Leave,05/20/2010,02/05/2011,02/26/2012,05/07/2012,JLEK5FF1G,CW057
EM1239,Retired,07/23/2006,09/03/2006,08/09/2009,11/15/2009,H2S1HHRD8,CW061
EM1240,Active,08/30/2008,07/18/2009,11/25/2011,02/21/2012,AYSWOB82K,CW062
EM1241,Active,08/30/2008,06/12/2009,10/02/2012,02/09/2013,16S6ZA2AS,CW062
EM1242,On Leave,04/27/2015,05/01/2015,01/21/2016,05/20/2016,T7UD7A8ED,CW064
EM1243,Active,04/27/2015,08/09/2015,12/11/2017,02/06/2018,7YIXHKJI4,CW064
EM1244,Retired,04/27/2015,05/23/2015,12/10/2018,03/22/2019,0AM959TVH,CW064
EM1245,Retired,11/02/2010,02/24/2011,11/18/2015,12/28/2015,F50PMONCE,CW065
EM1246,On Leave,11/02/2010,11/20/2010,12/19/2013,04/03/2014,RPXAD8UJB,CW065
EM1247,On Leave,05/20/2014,05/11/2015,05/05/2018,08/08/2018,3GE0UEY30,CW066
EM1248,On Leave,05/20/2014,10/14/2014,04/12/2018,07/03/2018,M9PZYAQYJ,CW066
EM1249,Active,06/12/2010,11/09/2010,11/23/2011,01/10/2012,QKXHN3JIJ,CW067
EM1250,On Leave,06/12/2010,12/15/2010,08/09/2012,12/18/2012,Y733A14AW,CW067
EM1251,Active,06/12/2010,12/09/2010,03/29/2015,06/05/2015,QL9KDB9Z8,CW067
EM1252,On Leave,04/03/2007,04/11/2007,07/28/2009,01/09/2010,X3NLJVS4Z,CW077
EM1253,Retired,04/03/2007,12/03/2007,04/20/2009,05/27/2009,KV5UW8TP4,CW077
EM1254,On Leave,05/11/2013,07/11/2013,03/27/2017,05/21/2017,M9S4SEMES,CW079
EM1255,On Leave,05/11/2013,03/29/2014,02/14/2017,03/19/2017,KNE22SWGK,CW079
EM1256,Active,05/11/2013,10/05/2013,04/27/2018,07/23/2018,1KJ4A5J3Z,CW079
EM1257,Active,05/29/2011,09/09/2011,01/25/2013,06/08/2013,TVJJU0FNE,CW082
EM1258,Retired,05/29/2011,03/29/2012,05/28/2016,10/05/2016,6VOZWUPON,CW082
EM1259,Active,12/20/2006,08/17/2007,02/10/2011,06/18/2011,SYPE4GP9L,CW083
EM1260,On Leave,07/30/2010,11/18/2010,12/06/2014,01/08/2015,T301XOZD1,CW084
EM1261,Active,07/30/2010,09/06/2010,12/02/2014,01/21/2015,WZAYHLUPD,CW084
EM1262,Active,06/16/2007,06/30/2007,09/21/2008,11/29/2008,GZYR6JKVG,CW090
EM1263,Active,03/21/2006,05/17/2006,10/05/2010,02/14/2011,JA2DSLMYN,CW094
EM1264,On Leave,11/16/2006,10/14/2007,01/01/2010,02/28/2010,VIQWU9SHM,CW096
EM1265,Active,11/16/2006,09/08/2007,12/04/2010,03/08/2011,0QDGXULXQ,CW096
EM1266,On Leave,10/12/2013,02/13/2014,12/12/2018,06/05/2019,KA65AVLN6,CW102
EM1267,Active,05/15/2009,07/02/2009,03/16/2012,08/28/2012,7AULYHL8E,CW103
EM1268,Retired,05/15/2009,01/22/2010,05/14/2014,11/10/2014,RKHYBNHJO,CW103
EM1269,Active,05/15/2009,06/04/2009,02/09/2011,07/31/2011,0RSID7OR7,CW103
EM1270,On Leave,08/24/2013,11/20/2013,10/25/2016,01/02/2017,87BWPN730,CW109
EM1271,On Leave,08/09/2008,11/16/2008,06/24/2012,10/30/2012,G825FQJCL,CW112
EM1272,Active,10/24/2007,02/07/2008,11/12/2012,01/09/2013,XYYK7IPAF,CW116
EM1273,Active,10/24/2007,04/05/2008,11/11/2008,05/09/2009,C4OMZULC4,CW116
EM1274,Active,11/13/2009,11/22/2009,02/17/2011,08/16/2011,JL3UC30PJ,CW117
EM1275,Retired,11/13/2009,06/02/2010,02/24/2014,07/16/2014,OWFZVTX99,CW117
EM1276,Active,06/18/2013,03/13/2014,06/18/2016,09/09/2016,YTJGUQX3O,CW118
EM1277,Retired,06/18/2013,12/14/2013,09/04/2018,12/05/2018,FAU8E2HJF,CW118
EM1278,Active,06/29/2014,01/10/2015,09/14/2015,01/09/2016,JUK2VPWQN,CW119
EM1279,Active,12/31/2012,11/15/2013,10/30/2014,04/13/2015,NDQ3A5DF0,CW120
EM1280,Active,12/31/2012,03/07/2013,08/05/2017,12/28/2017,9IYCZU36U,CW120
EM1281,Active,10/17/2013,04/01/2014,11/19/2015,04/25/2016,S5AKE8CLS,CW123
EM1282,On Leave,10/17/2013,07/06/2014,03/20/2018,07/26/2018,NE1Z6WWN2,CW123
EM1283,On Leave,06/12/2007,08/06/2007,02/06/2012,03/26/2012,0WFEF6ZA3,CW127
EM1284,On Leave,06/12/2007,07/22/2007,02/05/2011,03/28/2011,56DG9B47Q,CW127
EM1285,Retired,06/12/2007,10/20/2007,01/02/2010,02/11/2010,I4Y9ZFDCE,CW127
EM1286,Active,04/20/2012,03/30/2013,03/11/2014,04/10/2014,5V2ZD52EL,CW131
EM1287,On Leave,04/20/2012,03/16/2013,02/20/2016,06/09/2016,JRB5P2AMX,CW131
EM1288,Retired,04/20/2012,04/30/2012,03/12/2014,07/07/2014,OVJYR4ZEI,CW131
EM1289,Retired,08/04/2009,03/19/2010,11/23/2013,01/01/2014,OLWD9JC04,CW132
EM1290,Retired,09/29/2008,01/02/2009,09/08/2013,12/29/2013,36YC4448F,CW134
EM1291,Retired,09/29/2008,01/24/2009,05/09/2013,08/15/2013,6C6EK2CNP,CW134
EM1292,Retired,11/13/2005,09/15/2006,09/12/2010,02/17/2011,7WZNXP10Y,CW137
EM1293,Retired,11/13/2005,05/07/2006,06/27/2009,09/27/2009,V73CPSIX7,CW137
EM1294,Retired,06/12/2005,11/29/2005,11/19/2007,01/05/2008,PR5NFX8JJ,CW139
EM1295,Active,06/12/2005,12/10/2005,05/24/2008,09/15/2008,9WGZ2VJVY,CW139
EM1296,Retired,06/12/2005,05/13/2006,12/20/2010,06/17/2011,BKKOQPE3Z,CW139
EM1297,Active,05/02/2011,08/22/2011,10/19/2015,03/09/2016,W4LNWZLIT,CW147
EM1298,On Leave,05/02/2011,12/07/2011,07/21/2013,11/10/2013,0SNWFPMDX,CW147
EM1299,Active,06/27/2009,12/04/2009,03/25/2012,05/24/2012,95JIMQ5ST,CW150
EM1300,Active,06/27/2009,06/19/2010,12/28/2012,05/15/2013,WRW9NDW4S,CW150
EM1301,On Leave,06/27/2009,10/25/2009,06/14/2014,08/07/2014,7A1IB1BJW,CW150
EM1302,On Leave,05/06/2006,04/19/2007,07/11/2010,09/24/2010,FZL3KSRO3,CW153
EM1303,Active,05/06/2006,07/06/2006,10/11/2010,02/17/2011,Y7P0P6CSO,CW153
EM1304,On Leave,10/04/2013,06/21/2014,10/26/2016,03/06/2017,CTB836V1F,CW155
EM1305,Active,12/28/2014,10/11/2015,03/25/2018,07/30/2018,8MAEK2KBP,CW158
EM1306,Active,03/03/2008,12/11/2008,05/27/2013,10/21/2013,L6BU7TOQG,CW159
EM1307,Active,03/03/2008,07/27/2008,06/13/2010,08/13/2010,GU5J1C9L9,CW159
EM1308,Retired,04/18/2008,01/19/2009,03/15/2011,07/02/2011,13X1Y3AYT,CW160
EM1309,Active,04/18/2008,04/23/2008,12/31/2010,03/06/2011,V0XGELRK2,CW160
EM1310,On Leave,07/04/2011,08/04/2011,08/13/2013,01/23/2014,XV6X4SYDQ,CW163
EM1311,Retired,01/20/2013,08/04/2013,05/17/2018,08/30/2018,V29WVCS9B,CW164
EM1312,On Leave,01/20/2013,09/25/2013,07/18/2018,01/08/2019,DBWSSDJBM,CW164
EM1313,Retired,05/02/2014,05/28/2014,08/28/2015,01/22/2016,RIR4M1MDK,CW165
EM1314,On Leave,05/02/2014,06/08/2014,01/23/2015,03/20/2015,BI86YAODB,CW165
EM1315,Active,05/02/2014,06/10/2014,06/30/2017,08/21/2017,3SFKQQOTN,CW165
EM1316,On Leave,07/18/2009,08/04/2009,02/02/2010,07/27/2010,TBUUC8LAO,CW167
EM1317,Active,09/23/2005,08/13/2006,06/17/2009,11/10/2009,VCZ0O5N9I,CW171
EM1318,On Leave,09/23/2005,02/26/2006,10/04/2008,02/14/2009,V8VJX6YKI,CW171
EM1319,On Leave,09/23/2005,02/11/2006,07/02/2009,09/24/2009,E6LCNS27G,CW171
EM1320,On Leave,08/17/2009,01/18/2010,04/30/2013,07/12/2013,V2ZJPNOBH,CW174
EM1321,Retired,12/15/2010,02/22/2011,12/26/2012,04/16/2013,35NWONSCV,CW177
EM1322,Retired,07/18/2010,06/04/2011,05/04/2012,07/29/2012,P91Q0EDBH,CW182
EM1323,Retired,07/18/2010,07/13/2011,10/06/2015,01/17/2016,3FS17DCRE,CW182
EM1324,On Leave,05/20/2011,02/06/2012,05/19/2013,06/20/2013,MV491BTSI,CW186
EM1325,Retired,05/20/2011,04/30/2012,01/08/2014,04/10/2014,P6427C9NB,CW186
EM1326,Active,05/20/2011,06/28/2011,06/26/2015,09/30/2015,VQDP5T2UL,CW186
EM1327,Active,03/30/2014,03/19/2015,05/21/2018,10/15/2018,J5MRZWNGZ,CW188
EM1328,On Leave,03/30/2014,03/24/2015,11/27/2017,01/02/2018,PM8JVQA55,CW188
EM1329,Active,01/01/2011,03/29/2011,02/08/2012,06/29/2012,O2B7W01GR,CW189
EM1330,Retired,01/01/2011,10/29/2011,01/23/2015,04/24/2015,7OXU5V1OA,CW189
EM1331,Active,10/11/2013,04/23/2014,01/19/2018,03/25/2018,IYXT9S17O,CW190
EM1332,On Leave,10/11/2013,03/26/2014,03/23/2019,05/11/2019,K9Q073LXM,CW190
EM1333,On Leave,10/11/2013,05/15/2014,05/28/2016,10/21/2016,T7B96TUA5,CW190
EM1334,Active,10/08/2006,05/16/2007,02/19/2009,05/18/2009,DZ95G1CHZ,CW194
EM1335,Retired,04/03/2006,12/06/2006,09/16/2007,12/21/2007,PYBDYLVP9,CW195
EM1336,Retired,04/03/2006,09/17/2006,05/26/2007,09/14/2007,Z1N4AA4MC,CW195
EM1337,Active,01/06/2014,01/13/2014,11/29/2018,04/12/2019,IMAEKOA54,CW201
EM1338,On Leave,01/06/2014,10/08/2014,05/22/2015,10/14/2015,Y9NQH7KFL,CW201
EM1339,On Leave,01/06/2014,12/04/2014,06/15/2018,12/02/2018,GJQO47QST,CW201
EM1340,On Leave,12/04/2011,06/23/2012,01/31/2017,05/08/2017,FNQY8YFCZ,CW203
EM1341,Retired,05/28/2014,05/30/2014,03/03/2015,04/18/2015,KZNIF6VNH,CW206
EM1342,Active,05/28/2014,04/17/2015,11/11/2018,01/12/2019,4GHD26O08,CW206
EM1343,On Leave,05/28/2014,02/27/2015,02/19/2016,04/28/2016,0CFERF60W,CW206
EM1344,On Leave,04/30/2008,04/29/2009,03/24/2013,05/05/2013,1AHFHM0VP,CW207
EM1345,Retired,04/30/2008,12/11/2008,10/20/2009,04/11/2010,CEH1THD6K,CW207
EM1346,Active,01/08/2009,02/19/2009,11/14/2013,01/12/2014,BGHYE6MFY,CW209
EM1347,On Leave,01/08/2009,10/20/2009,02/22/2013,06/17/2013,GRBH35EEC,CW209
EM1348,Retired,01/08/2009,08/27/2009,12/05/2013,03/10/2014,K3J04GLMI,CW209
EM1349,Active,02/27/2013,12/24/2013,03/04/2017,08/07/2017,PQAIZKRJ0,CW210
EM1350,Retired,02/27/2013,10/20/2013,07/27/2017,10/12/2017,DJIO95KJP,CW210
EM1351,Retired,12/13/2007,11/29/2008,03/14/2011,09/09/2011,SYVSSQWYX,CW211
EM1352,Active,05/04/2014,08/20/2014,04/19/2018,08/21/2018,R37Y764RP,CW217
EM1353,On Leave,05/04/2014,05/25/2014,10/01/2018,03/17/2019,RE6U57YUL,CW217
EM1354,Active,05/02/2005,11/28/2005,03/21/2008,08/09/2008,MK0IMFIM0,CW218
EM1355,On Leave,05/02/2005,03/12/2006,12/23/2009,06/08/2010,A5G4MRSYF,CW218
EM1356,Active,11/28/2007,04/02/2008,02/13/2012,06/06/2012,MIUJ8E1BT,CW219
EM1357,Active,11/28/2007,12/06/2007,07/12/2010,12/18/2010,KXOFU0JRU,CW219
EM1358,Retired,11/28/2007,06/21/2008,06/13/2011,10/31/2011,NFYZK5G4Z,CW219
EM1359,Retired,05/07/2007,12/07/2007,08/28/2010,01/06/2011,NW3RJF91Q,CW221
EM1360,Active,05/07/2007,05/22/2007,03/10/2008,06/26/2008,7C1DZSDGV,CW221
EM1361,On Leave,11/04/2007,11/29/2007,11/08/2008,12/13/2008,Q5JZSK3K0,CW222
EM1362,On Leave,12/31/2010,09/08/2011,05/12/2014,08/12/2014,VGEXLH77Q,CW223
EM1363,Active,12/31/2010,02/16/2011,06/21/2012,10/29/2012,UWMQ2MXTA,CW223
EM1364,Retired,12/31/2010,04/02/2011,05/02/2015,08/31/2015,LFTRN0H9M,CW223
EM1365,On Leave,01/26/2007,11/30/2007,09/02/2008,10/28/2008,XKENXO4IE,CW224
EM1366,Active,01/26/2007,04/24/2007,05/16/2010,10/22/2010,KGEPEUX6E,CW224
EM1367,Active,01/26/2007,08/12/2007,01/23/2010,04/22/2010,9YBALXPFA,CW224
EM1368,Retired,01/17/2012,10/24/2012,08/19/2015,01/05/2016,PIAZY03NY,CW225
EM1369,Retired,01/17/2012,06/23/2012,06/13/2013,10/31/2013,2NQ2VM3BS,CW225
EM1370,Active,01/17/2012,02/05/2012,05/01/2015,07/23/2015,634A0GTID,CW225
EM1371,Active,05/22/2014,04/26/2015,02/22/2020,05/21/2020,VCNSCZ63L,CW227
EM1372,Retired,05/13/2007,08/16/2007,03/08/2008,05/25/2008,VGT2ZX1PC,CW037
EM1373,On Leave,09/23/2006,03/01/2007,01/26/2012,07/16/2012,DUY07DNNN,CW055
EM1374,Active,09/23/2006,08/23/2007,03/30/2011,06/30/2011,WEFITIHYB,CW055
EM1375,On Leave,11/03/2007,01/25/2008,11/09/2012,01/21/2013,PDQ0QMWWP,CW056
EM1376,On Leave,11/03/2007,06/29/2008,09/23/2012,12/20/2012,KE0CXCZ8V,CW056
EM1377,On Leave,11/03/2007,10/29/2008,11/24/2011,04/16/2012,N5LHCVN73,CW056
EM1378,Retired,10/11/2008,05/18/2009,09/29/2011,02/03/2012,P4SQX6E9I,CW073
EM1379,Retired,10/11/2008,09/19/2009,09/13/2014,11/24/2014,07BOQH15T,CW073
EM1380,Retired,10/11/2008,01/02/2009,09/21/2012,01/19/2013,NTN6DPVTL,CW073
EM1381,On Leave,01/11/2007,06/09/2007,11/06/2010,05/01/2011,TCYXNBHHK,CW074
EM1382,Retired,02/20/2014,12/16/2014,02/19/2018,08/01/2018,OEQOQSOCB,CW099
EM1383,Active,02/20/2014,05/25/2014,05/30/2018,09/13/2018,E4ARPVR01,CW099
EM1384,Active,02/20/2014,12/02/2014,11/29/2019,04/21/2020,6UJ08CK34,CW099
EM1385,Retired,02/03/2010,05/24/2010,09/30/2014,12/04/2014,U69WTKQQU,CW124
EM1386,Retired,02/03/2010,10/14/2010,08/21/2014,01/28/2015,EKGBO18UH,CW124
EM1387,Retired,09/06/2010,02/17/2011,12/04/2013,02/10/2014,2Q0Y8PP3Z,CW129
EM1388,Retired,09/06/2010,12/08/2010,07/12/2012,10/20/2012,E8BGW0UE6,CW129
EM1389,Retired,09/06/2010,03/17/2011,09/29/2014,12/23/2014,S6CSH7F96,CW129
EM1390,Active,12/25/2010,01/01/2011,10/23/2015,12/30/2015,OFKO96HFB,CW136
EM1391,Active,01/16/2010,01/28/2010,09/26/2010,01/02/2011,Y46NXXFAO,CW154
EM1392,Retired,03/02/2015,03/30/2015,05/25/2016,09/23/2016,8W2KHSG9T,CW156
EM1393,Retired,03/02/2015,12/26/2015,06/01/2018,09/27/2018,88C60MNOE,CW156
EM1394,On Leave,02/23/2013,01/31/2014,09/26/2016,11/17/2016,AFJ2J6ZCE,CW157
EM1395,On Leave,08/20/2012,06/20/2013,01/16/2014,06/15/2014,EQJOKASDB,CW162
EM1396,Active,06/20/2012,08/09/2012,04/07/2016,07/30/2016,S84M9PSYP,CW191
EM1397,Active,10/28/2007,12/20/2007,07/19/2010,09/12/2010,OX5T69JRE,CW199
EM1398,On Leave,02/15/2015,06/15/2015,09/24/2016,10/31/2016,8S511A244,CW214
EM1399,Retired,04/24/2007,07/01/2007,08/14/2009,10/25/2009,VZNJW1Q0I,CW230
EM1400,Active,02/29/2012,06/26/2012,07/20/2013,09/24/2013,VMP0FRGWZ,CW231
EM1401,Retired,02/29/2012,12/08/2012,11/02/2017,03/20/2018,CS1V5E6UN,CW231
EM1402,Retired,08/19/2013,10/08/2013,02/25/2018,08/19/2018,8OEZ5WSWZ,CW232
EM1403,Active,06/25/2013,04/11/2014,03/08/2015,07/31/2015,LEWHGIT6H,CW233
EM1404,Active,06/25/2013,05/27/2014,04/06/2016,09/22/2016,XQKO44OO3,CW233
EM1405,On Leave,06/25/2013,12/09/2013,12/02/2014,03/23/2015,B80XGAMES,CW233
EM1406,Active,03/23/2015,02/02/2016,02/06/2020,05/01/2020,20H0GMYFD,CW234
EM1407,On Leave,03/23/2015,06/25/2015,08/14/2019,01/14/2020,28FG4ZESZ,CW234
EM1408,Retired,03/23/2015,02/03/2016,02/26/2017,05/10/2017,SXE7UUQ8I,CW234
EM1409,On Leave,07/01/2007,09/19/2007,02/22/2012,05/25/2012,60L1QANOM,CW235
EM1410,Active,07/01/2007,09/27/2007,11/21/2008,01/18/2009,TMSLX39DA,CW235
EM1411,On Leave,08/11/2009,09/17/2009,02/02/2011,07/13/2011,AIAFTAUHT,CW236
EM1412,On Leave,11/29/2009,09/13/2010,06/15/2013,11/02/2013,FFX2UU8ZG,CW237
EM1413,Active,11/29/2009,10/06/2010,07/19/2014,08/19/2014,B22P09M2W,CW237
EM1414,Retired,10/26/2012,10/25/2013,05/08/2014,10/19/2014,FXCBJGTMV,CW238
EM1415,Active,07/28/2007,02/20/2008,06/27/2011,09/16/2011,2H4J7VLPK,CW239
EM1416,Active,08/16/2011,01/17/2012,09/03/2012,10/15/2012,V16UA3TYG,CW240
EM1417,Retired,08/16/2011,05/16/2012,08/14/2014,10/23/2014,L8SDUV7TM,CW240
EM1418,Retired,07/31/2012,03/06/2013,04/24/2016,07/23/2016,H3K7O3T5U,CW241
EM1419,Retired,07/31/2012,10/16/2012,06/18/2017,10/12/2017,4BQXN35CB,CW241
EM1420,On Leave,02/28/2010,05/26/2010,12/30/2012,04/01/2013,4XT615AL6,CW242
EM1421,On Leave,04/13/2007,01/26/2008,01/17/2009,06/01/2009,BO7RGEWF4,CW243
EM1422,Active,04/13/2007,04/22/2007,08/27/2009,01/01/2010,SHVLWFRTP,CW243
EM1423,On Leave,09/15/2011,02/01/2012,01/17/2017,05/02/2017,U0IZ74XY0,CW244
EM1424,On Leave,09/15/2011,11/14/2011,05/15/2014,08/16/2014,NMNYQ630A,CW244
EM1425,Retired,04/27/2012,08/31/2012,02/28/2017,06/04/2017,3VY81PG54,CW245
EM1426,Retired,04/27/2012,07/09/2012,07/04/2013,08/04/2013,MZND4WLUJ,CW245
EM1427,On Leave,04/27/2012,07/10/2012,07/03/2016,08/02/2016,8S14SYU0O,CW245
EM1428,Retired,07/01/2014,10/31/2014,12/09/2015,03/09/2016,3HKZ7QPRC,CW246
EM1429,On Leave,07/11/2012,04/14/2013,12/16/2017,05/17/2018,X5NSC6N7O,CW247
EM1430,On Leave,01/26/2007,12/08/2007,08/28/2012,01/30/2013,JYNTU04SN,CW248
EM1431,Retired,01/26/2007,05/13/2007,08/08/2010,12/11/2010,6HYUFPMMZ,CW248
EM1432,On Leave,06/20/2007,07/26/2007,06/04/2010,07/30/2010,D279JJNG0,CW249
EM1433,Active,06/20/2007,04/15/2008,01/11/2011,06/20/2011,Z95DWQV93,CW249
EM1434,Retired,05/01/2011,04/06/2012,08/14/2013,10/05/2013,A48Z05JOF,CW250
EM1435,Retired,05/01/2011,03/12/2012,07/26/2015,11/10/2015,T14EE643T,CW250
EM1436,Active,05/01/2011,11/24/2011,06/17/2012,09/20/2012,VFLZH2VS5,CW250
EM1437,On Leave,07/24/2011,07/20/2012,04/28/2015,07/05/2015,F8QOC8PU6,CW251
EM1438,Active,01/13/2013,06/15/2013,01/13/2017,05/01/2017,J0F81LVPA,CW252
EM1439,Active,01/13/2013,08/04/2013,07/07/2017,11/14/2017,URWC8PPK7,CW252
EM1440,Retired,11/17/2011,03/17/2012,11/01/2015,12/06/2015,SG3KJ615G,CW253
EM1441,Active,11/17/2011,05/01/2012,09/21/2015,01/06/2016,IB5EXI1AN,CW253
EM1442,Retired,11/17/2011,09/25/2012,06/26/2017,11/17/2017,QBKPXHISC,CW253
EM1443,Active,02/27/2011,04/10/2011,04/15/2015,08/11/2015,B8KOE0HPY,CW254
EM1444,On Leave,02/27/2011,08/31/2011,11/15/2013,04/05/2014,DIG3MFIR9,CW254
EM1445,Active,02/27/2011,11/23/2011,06/27/2016,08/15/2016,JPT5ELM2D,CW254
EM1446,Active,03/20/2011,10/19/2011,06/14/2012,11/17/2012,2X9YEJJK7,CW255
EM1447,Retired,03/20/2011,02/03/2012,01/27/2013,04/28/2013,JV6NT0KXP,CW255
EM1448,Active,09/25/2013,04/04/2014,12/19/2018,02/25/2019,BTD1DOGBV,CW256
EM1449,Retired,09/25/2013,11/30/2013,10/17/2017,01/17/2018,W0A97REV4,CW256
EM1450,Active,09/25/2013,08/30/2014,07/14/2015,12/11/2015,THHKDE2FH,CW256
EM1451,Active,12/28/2006,07/15/2007,02/07/2012,03/11/2012,6335PYIKT,CW257
EM1452,Active,08/05/2010,07/29/2011,08/07/2014,10/08/2014,19YXPB1H2,CW258
EM1453,Retired,08/27/2006,04/25/2007,04/05/2012,09/27/2012,4BZXT218K,CW259
EM1454,Retired,08/27/2006,09/28/2006,09/20/2011,11/17/2011,7MN093CQP,CW259
EM1455,On Leave,09/01/2013,01/24/2014,12/18/2018,06/06/2019,O5TV96K3B,CW260
EM1456,On Leave,09/01/2013,01/06/2014,09/28/2018,11/20/2018,XKW8SP3C4,CW260
EM1457,Active,06/08/2009,08/21/2009,03/12/2012,04/19/2012,FBIQCTSLE,CW261
EM1458,Active,06/08/2009,05/17/2010,11/03/2012,04/23/2013,HOF5K5QEM,CW261
EM1459,Retired,06/08/2009,05/11/2010,08/14/2012,09/13/2012,9XV2FLQ99,CW261
EM1460,On Leave,04/16/2006,04/16/2006,05/12/2008,09/14/2008,C2AJZF89P,CW262
EM1461,Retired,04/16/2006,08/22/2006,03/16/2010,06/07/2010,EHOM88RXA,CW262
EM1462,On Leave,04/16/2006,02/22/2007,10/02/2010,12/22/2010,SGW99B1CY,CW262
EM1463,On Leave,01/11/2014,11/10/2014,11/01/2017,03/22/2018,JFWUU0Z4G,CW263
EM1464,Active,01/11/2014,12/14/2014,04/19/2017,10/06/2017,RQV99VF7W,CW263
EM1465,Retired,03/12/2006,03/06/2007,12/25/2008,05/24/2009,TE6NLF6XC,CW264
EM1466,Active,03/12/2006,05/15/2006,06/24/2008,10/19/2008,14E2XMT78,CW264
EM1467,On Leave,03/12/2006,10/21/2006,09/16/2008,02/21/2009,L9I0WXGJ9,CW264
EM1468,Active,12/16/2009,07/06/2010,01/25/2011,05/19/2011,ZQDNCFZ6W,CW265
EM1469,Active,12/16/2009,08/29/2010,09/09/2011,10/18/2011,TAWUP4M7X,CW265
EM1470,Active,08/27/2012,01/08/2013,02/21/2014,05/21/2014,GIC7RB7IJ,CW266
EM1471,On Leave,08/27/2012,03/23/2013,02/09/2018,05/18/2018,NIMRVME8T,CW266
EM1472,Active,12/17/2011,07/10/2012,02/17/2013,07/08/2013,NLWR77R34,CW267
EM1473,Retired,12/17/2011,11/22/2012,11/28/2014,02/23/2015,W2MUNO94I,CW267
EM1474,Active,12/23/2011,03/15/2012,09/18/2014,01/08/2015,F7T1LP07T,CW268
EM1475,Retired,07/23/2007,05/15/2008,11/25/2011,02/13/2012,LDEVT4MNC,CW269
EM1476,Active,07/23/2007,03/17/2008,01/10/2011,06/02/2011,G6PLHT423,CW269
EM1477,On Leave,05/19/2012,11/03/2012,03/28/2017,08/01/2017,K0L280WXE,CW270
EM1478,On Leave,09/03/2006,02/04/2007,12/06/2010,03/12/2011,3UCNZ6P3M,CW271
EM1479,Retired,09/03/2006,12/31/2006,06/10/2010,09/22/2010,7T5GONUL7,CW271
EM1480,Retired,11/09/2006,06/23/2007,09/08/2008,10/13/2008,GZITMB6CC,CW272
EM1481,On Leave,11/09/2006,09/15/2007,06/13/2011,07/15/2011,0X2V92VCM,CW272
EM1482,Retired,11/09/2006,11/30/2006,04/14/2011,08/02/2011,NJNQFCN60,CW272
EM1483,On Leave,02/27/2014,03/11/2014,08/12/2015,02/01/2016,0SDISMPHG,CW273
EM1484,Retired,02/27/2014,03/18/2014,09/26/2015,01/30/2016,GN98SCGFR,CW273
EM1485,Active,04/01/2007,05/10/2007,02/15/2010,05/24/2010,6CXE98I71,CW274
EM1486,Retired,04/01/2007,10/18/2007,10/16/2008,02/05/2009,9BA15JLLF,CW274
EM1487,Retired,10/29/2011,09/13/2012,09/10/2013,12/31/2013,LJ8B4Z4H9,CW275
EM1488,Active,11/21/2013,11/04/2014,03/09/2019,05/23/2019,HSADHQWGW,CW276
EM1489,Active,11/21/2013,07/17/2014,04/25/2017,09/03/2017,8WDRG6FNZ,CW276
EM1490,Active,11/21/2013,04/16/2014,11/25/2017,04/04/2018,J5065OWBV,CW276
EM1491,Active,09/22/2007,02/09/2008,05/12/2011,06/16/2011,KYB3DUXAD,CW277
EM1492,Retired,09/22/2007,07/08/2008,06/23/2011,09/25/2011,FMA7N6H66,CW277
EM1493,On Leave,04/07/2007,09/14/2007,09/07/2012,01/01/2013,GG1V2WMIZ,CW278
EM1494,On Leave,04/20/2008,05/13/2008,12/19/2008,01/30/2009,0F3E4RXTC,CW279
EM1495,Retired,07/04/2008,07/26/2008,05/20/2011,11/16/2011,OW0PM3B4X,CW280
EM1496,On Leave,07/04/2008,10/23/2008,05/01/2010,10/05/2010,E8S4679WL,CW280
EM1497,Retired,08/05/2014,10/03/2014,07/04/2015,10/24/2015,FHE6ZL5G8,CW281
EM1498,Retired,08/05/2014,10/17/2014,07/24/2015,11/09/2015,VGR8TYUEI,CW281
EM1499,On Leave,08/05/2014,02/20/2015,10/19/2018,01/06/2019,HPDTMPLEX,CW281
EM1500,On Leave,03/31/2014,10/16/2014,05/13/2017,08/13/2017,E4ZZXRNAK,CW282
EM1501,On Leave,03/31/2014,09/30/2014,09/22/2016,03/10/2017,KQMCSM60R,CW282
EM1502,Retired,03/31/2014,02/14/2015,06/10/2017,11/29/2017,G3F9Z8WG9,CW282
EM1503,On Leave,02/10/2011,09/13/2011,03/31/2015,08/27/2015,TLHT22XIQ,CW283
EM1504,Retired,04/25/2010,08/31/2010,07/16/2015,10/01/2015,3VF9CF4M6,CW284
EM1505,Active,04/25/2010,05/29/2010,04/15/2015,06/10/2015,XZ4G2K82W,CW284
EM1506,Active,04/25/2010,09/20/2010,10/09/2012,11/08/2012,R1WXYGISB,CW284
EM1507,Active,05/08/2013,01/31/2014,07/26/2018,10/14/2018,8IO5UDVFH,CW285
EM1508,Retired,05/08/2013,03/06/2014,04/06/2016,07/21/2016,BNAB5XUQY,CW285
EM1509,On Leave,01/15/2015,11/04/2015,11/13/2016,04/07/2017,GYSD0BMS4,CW286
EM1510,Retired,01/15/2015,04/11/2015,03/09/2018,06/20/2018,GYRZDRHLD,CW286
EM1511,On Leave,01/15/2015,04/25/2015,11/04/2017,01/24/2018,D0A1OOJ5A,CW286
EM1512,On Leave,04/14/2008,12/17/2008,04/28/2010,07/27/2010,4ARU1BFKZ,CW287
EM1513,Retired,04/14/2008,10/01/2008,08/12/2011,01/19/2012,20J6OBRLY,CW287
EM1514,Retired,09/19/2013,12/17/2013,11/25/2016,04/10/2017,9SBN3SKIB,CW288
EM1515,Active,11/09/2008,02/22/2009,12/16/2010,05/15/2011,4D769UKTF,CW289
EM1516,Active,04/06/2008,07/05/2008,04/27/2013,07/14/2013,IDS9R15HR,CW290
EM1517,Active,07/17/2008,07/24/2008,12/22/2011,04/29/2012,AIYNYJSY5,CW291
EM1518,On Leave,07/17/2008,01/21/2009,05/22/2012,08/15/2012,W6P2YYOV4,CW291
EM1519,On Leave,07/17/2008,12/27/2008,05/15/2012,08/03/2012,OIAV5YDG0,CW291
EM1520,Retired,01/21/2007,05/24/2007,02/26/2008,07/11/2008,OYPV0WRYC,CW292
EM1521,Retired,01/21/2007,10/07/2007,09/14/2012,03/06/2013,R80HO04LB,CW292
EM1522,Active,01/21/2007,12/10/2007,03/26/2011,08/01/2011,FJ4Y4JKLW,CW292
EM1523,Retired,01/01/2010,02/27/2010,07/19/2014,11/13/2014,Q9BH0OAXB,CW293
EM1524,Active,01/01/2010,04/16/2010,01/04/2011,02/13/2011,S6ECFHYAC,CW293
EM1525,Retired,01/01/2010,04/01/2010,09/21/2011,11/05/2011,RPZI3H0BC,CW293
EM1526,On Leave,03/03/2008,05/11/2008,08/11/2012,01/28/2013,WOIXLFWQV,CW294
EM1527,Active,03/03/2008,02/09/2009,08/15/2011,02/04/2012,TY9OR9OD6,CW294
EM1528,Retired,03/03/2008,08/15/2008,06/14/2012,08/10/2012,81ZD5J7WQ,CW294
EM1529,Active,02/22/2010,01/10/2011,09/20/2012,02/11/2013,R944BM08F,CW295
EM1000,On Leave,07/16/2011,07/22/2011,11/11/2015,01/21/2016,O42DHRZJ6,CW032
EM1001,Retired,07/16/2011,11/18/2011,08/06/2015,01/09/2016,4G9I5QOQI,CW032
EM1002,Retired,10/29/2007,03/13/2008,01/31/2010,07/25/2010,YDC4WWQNA,CW033
EM1003,Active,10/29/2007,08/16/2008,01/30/2012,04/18/2012,8UKO57HZU,CW033
EM1004,Active,06/02/2006,10/30/2006,05/24/2010,11/01/2010,H1R9S63CT,CW034
EM1005,On Leave,02/17/2013,07/19/2013,09/11/2015,11/14/2015,HZUB38XVV,CW036
EM1006,Active,02/17/2013,10/07/2013,07/24/2017,09/25/2017,ZK50J5U9G,CW036
EM1007,Retired,10/20/2010,09/17/2011,07/14/2015,12/12/2015,SICXP6MXL,CW046
EM1008,On Leave,10/20/2010,11/22/2010,04/13/2012,06/27/2012,LW0IAI0EN,CW046
EM1009,Active,10/20/2010,09/17/2011,08/16/2012,09/25/2012,O2TI8YN37,CW046
EM1010,On Leave,05/13/2013,08/14/2013,10/26/2014,03/24/2015,6J7NGJVR2,CW047
EM1011,Retired,05/13/2013,11/28/2013,02/26/2018,06/24/2018,3RBT2NFI7,CW047
EM1012,Retired,05/08/2012,01/24/2013,08/06/2016,09/17/2016,B74LEP9JF,CW058
EM1013,Retired,05/08/2012,07/21/2012,04/30/2017,06/15/2017,XF7JOQWCP,CW058
EM1014,Retired,05/08/2012,02/19/2013,07/20/2016,12/31/2016,CCSVRFX45,CW058
EM1015,Retired,04/02/2007,11/23/2007,11/09/2010,04/08/2011,JUW2Y1B7X,CW059
EM1016,Retired,04/02/2007,10/12/2007,09/19/2012,11/16/2012,ZB56Q08AB,CW059
EM1017,Retired,04/02/2007,12/25/2007,09/12/2008,12/10/2008,QBM830KCJ,CW059
EM1018,Retired,04/19/2012,08/18/2012,07/30/2013,11/20/2013,7KFCD3NZP,CW068
EM1019,On Leave,04/19/2012,06/21/2012,02/10/2013,07/28/2013,GCZ7ZKIXG,CW068
EM1020,Active,07/04/2009,11/05/2009,08/30/2014,12/09/2014,S2M5GFP2G,CW069
EM1021,Active,11/06/2009,04/11/2010,05/13/2011,07/26/2011,NO5JRZLRX,CW072
EM1022,Retired,11/06/2009,08/16/2010,03/18/2015,07/15/2015,ZE0I7UVQC,CW072
EM1023,On Leave,11/30/2009,06/21/2010,02/28/2011,07/20/2011,6WRMPE8ET,CW075
EM1024,Active,05/15/2014,03/09/2015,01/30/2020,03/29/2020,QYMI14SRD,CW076
EM1025,On Leave,05/15/2014,09/02/2014,03/09/2019,05/30/2019,84AZTSOT1,CW076
EM1026,On Leave,05/15/2014,08/08/2014,04/09/2017,07/09/2017,K1GKCKLI6,CW076
EM1027,On Leave,10/23/2014,06/22/2015,01/09/2018,03/24/2018,IFHF7I9C0,CW085
EM1028,Active,10/23/2014,12/20/2014,09/15/2016,10/17/2016,XJH9HZQ0X,CW085
EM1029,Retired,02/08/2011,11/15/2011,10/16/2015,11/27/2015,W2GH6M676,CW087
EM1030,Active,02/08/2011,06/05/2011,05/27/2012,09/19/2012,FIHZG4L1L,CW087
EM1031,On Leave,02/08/2011,12/25/2011,08/05/2012,12/25/2012,QUIADGJG5,CW087
EM1032,Retired,05/30/2006,10/25/2006,03/23/2008,08/20/2008,T4LVEZOL9,CW101
EM1033,Active,05/30/2006,11/17/2006,09/12/2011,12/20/2011,K3C801XN1,CW101
EM1034,Active,12/02/2011,09/23/2012,01/08/2017,06/16/2017,4IED8CMRT,CW104
EM1035,Active,12/02/2011,09/03/2012,11/07/2015,02/03/2016,LGVSVLUGH,CW104
EM1036,On Leave,12/02/2011,03/16/2012,07/06/2015,11/28/2015,H5PWX2IAH,CW104
EM1037,On Leave,09/03/2009,12/11/2009,02/13/2014,04/20/2014,ROQC26E4Z,CW110
EM1038,Active,09/03/2009,11/16/2009,10/12/2013,04/09/2014,XXRLFI9ZX,CW110
EM1039,Active,09/03/2009,12/09/2009,11/14/2013,04/21/2014,AUXOL1W1L,CW110
EM1040,Active,09/09/2005,04/12/2006,01/29/2010,04/23/2010,LG1NDYWJH,CW114
EM1041,On Leave,09/09/2005,06/29/2006,05/18/2009,07/04/2009,9Z0U1E1BV,CW114
EM1042,Active,09/09/2005,12/12/2005,01/11/2010,04/15/2010,R0V74UQY8,CW114
EM1043,Retired,10/01/2009,03/01/2010,07/18/2013,09/07/2013,8C6TSQ9ZH,CW121
EM1044,Active,10/01/2009,06/24/2010,08/02/2014,10/28/2014,ZWYZR3YD7,CW121
EM1045,Active,10/01/2009,07/04/2010,02/27/2011,04/28/2011,4K99IFSM2,CW121
EM1046,Retired,02/19/2015,03/29/2015,06/26/2016,12/19/2016,JRP26LIU0,CW122
EM1047,On Leave,02/19/2015,06/06/2015,04/02/2019,08/10/2019,1MSTHWKHS,CW122
EM1048,Retired,02/19/2015,08/24/2015,05/23/2017,08/05/2017,XMV1KU4XR,CW122
EM1049,Active,09/29/2010,05/28/2011,05/19/2015,09/13/2015,3VRFCLYSO,CW125
EM1050,Retired,05/17/2011,03/11/2012,10/29/2016,04/19/2017,18D5BXGSI,CW126
EM1051,Retired,05/17/2011,09/07/2011,03/20/2015,09/02/2015,X3N62UX3Z,CW126
EM1052,Active,05/17/2011,12/16/2011,02/17/2016,06/11/2016,687YYEDYD,CW126
EM1053,On Leave,07/03/2006,01/28/2007,01/26/2009,06/16/2009,ZM9SFU6IA,CW130
EM1054,On Leave,12/30/2013,08/17/2014,07/19/2015,11/13/2015,LPG99IHJV,CW142
EM1055,On Leave,12/30/2013,10/02/2014,10/02/2015,12/13/2015,1CHMUJN5Q,CW142
EM1056,Active,05/31/2011,03/26/2012,04/11/2016,06/06/2016,AU4RDGFH0,CW146
EM1057,On Leave,05/31/2011,01/10/2012,05/29/2015,11/04/2015,0PIPLNV5Y,CW146
EM1058,Retired,03/26/2015,02/22/2016,10/31/2017,02/25/2018,D1U0GNONH,CW161
EM1059,Retired,11/04/2011,09/17/2012,10/07/2015,12/22/2015,WCH7FDLK0,CW172
EM1060,On Leave,11/04/2011,10/23/2012,06/19/2015,12/03/2015,2WQZHWPX5,CW172
EM1061,Active,11/04/2011,09/15/2012,04/03/2013,06/17/2013,A7DCLVMIR,CW172
EM1062,Retired,08/05/2014,04/12/2015,10/03/2017,12/13/2017,CE3DVHF7B,CW175
EM1063,Active,08/05/2014,12/22/2014,06/08/2019,08/03/2019,NO5UIMMHA,CW175
EM1064,On Leave,08/05/2014,11/06/2014,10/19/2015,02/11/2016,EBR88JH53,CW175
EM1065,On Leave,04/29/2014,03/09/2015,12/29/2019,06/09/2020,NBQYLZ5P6,CW178
EM1066,Active,04/29/2014,10/31/2014,08/29/2015,11/19/2015,YKQ2QM57M,CW178
EM1067,Active,04/29/2014,05/19/2014,08/15/2018,12/29/2018,7KCNVX1ON,CW178
EM1068,Retired,08/22/2005,09/13/2005,06/29/2008,12/22/2008,3ATQ4YNK6,CW180
EM1069,Active,08/05/2005,08/02/2006,08/12/2009,09/24/2009,12EKDUMSO,CW183
EM1070,Retired,12/12/2014,03/29/2015,01/02/2016,04/16/2016,ZE6M0ZQDE,CW184
EM1071,Active,07/06/2009,02/05/2010,01/28/2012,04/29/2012,QUNAYVXTP,CW193
EM1072,Active,07/06/2009,02/08/2010,04/06/2011,09/04/2011,JHYKYAT0E,CW193
EM1073,On Leave,07/06/2009,02/15/2010,10/24/2011,01/08/2012,BC2TZDY0U,CW193
EM1074,Retired,03/03/2009,02/28/2010,03/28/2012,07/24/2012,XXPMMTQG2,CW196
EM1075,Retired,03/03/2009,01/12/2010,03/09/2011,08/13/2011,TEOWWDT49,CW196
EM1076,On Leave,11/25/2005,06/25/2006,01/19/2008,03/14/2008,AE0DDFL4O,CW198
EM1077,Retired,11/25/2005,02/06/2006,01/28/2008,07/19/2008,G5O1GJ7SP,CW198
EM1078,Retired,07/05/2008,09/06/2008,03/31/2010,06/19/2010,NTM6PY22S,CW202
EM1079,Active,09/14/2012,04/27/2013,08/21/2016,01/16/2017,5VOELW6V5,CW212
EM1080,Active,09/14/2012,07/02/2013,06/16/2014,10/07/2014,2JSR8ZV1Z,CW212
EM1081,Retired,09/14/2012,08/06/2013,10/10/2016,01/20/2017,PE3SC7V36,CW212
EM1082,On Leave,12/28/2014,02/28/2015,06/28/2017,10/07/2017,7YZZ2ZJJT,CW216
EM1083,Retired,08/10/2014,01/23/2015,01/05/2019,06/11/2019,A5E9O24PQ,CW229
EM1084,Retired,08/10/2014,04/27/2015,10/31/2017,01/11/2018,PFYP035OO,CW229
EM1085,Active,08/10/2014,08/04/2015,05/27/2020,07/31/2020,YO9P6XNNS,CW229
EM1086,Retired,10/28/2006,10/05/2007,02/25/2012,07/24/2012,XS95JN11B,CW035
EM1087,Active,10/28/2006,06/26/2007,11/08/2011,03/15/2012,M0BW3VICC,CW035
EM1088,Retired,10/09/2011,08/06/2012,08/21/2016,10/15/2016,K2SSPB7JG,CW049
EM1089,On Leave,10/09/2011,09/22/2012,11/09/2014,02/20/2015,1IK4Q2S0G,CW049
EM1090,On Leave,10/09/2011,06/26/2012,03/24/2014,08/15/2014,W898CHSGV,CW049
EM1091,Retired,01/23/2013,02/03/2013,07/02/2016,11/06/2016,BAXRRDY3L,CW053
EM1092,Active,06/26/2005,06/18/2006,01/17/2007,03/30/2007,81SMBXVUL,CW060
EM1093,Retired,02/18/2006,02/10/2007,09/02/2011,02/09/2012,EIVORF266,CW071
EM1094,On Leave,02/18/2006,02/20/2006,11/21/2006,12/22/2006,N3AO9CSGZ,CW071
EM1095,Retired,06/16/2005,09/13/2005,02/16/2010,05/24/2010,4FFYOG3GZ,CW089
EM1096,Active,05/09/2012,02/01/2013,12/06/2015,03/03/2016,3K0P4ZMKH,CW091
EM1097,Retired,05/09/2012,04/09/2013,07/17/2017,10/24/2017,3M2PNE7XE,CW091
EM1098,Retired,03/14/2010,10/13/2010,10/19/2012,02/24/2013,K1P9FVY7Q,CW107
EM1099,Active,01/24/2008,02/12/2008,12/03/2010,02/10/2011,85YPZH1HM,CW115
EM1100,On Leave,01/24/2008,03/27/2008,03/16/2010,08/04/2010,BB1H3M1YC,CW115
EM1101,Active,06/29/2008,11/01/2008,11/30/2012,01/11/2013,79JEY56CL,CW128
EM1102,On Leave,06/29/2008,05/22/2009,07/28/2013,01/15/2014,4N89HH3PI,CW128
EM1103,On Leave,11/11/2006,01/16/2007,03/28/2008,07/19/2008,IS6NII5JH,CW149
EM1104,Active,11/11/2006,02/22/2007,11/14/2007,02/05/2008,2WA0DZ0G7,CW149
EM1105,Active,11/11/2006,10/08/2007,08/19/2010,10/09/2010,0CSGNYNM4,CW149
EM1106,Retired,09/25/2012,07/03/2013,09/29/2014,03/09/2015,MGHKYGIZB,CW173
EM1107,Active,09/25/2012,10/11/2012,09/26/2013,03/02/2014,4S9ZTNO6O,CW173
EM1108,Active,08/15/2014,03/27/2015,09/05/2018,02/01/2019,X8M8URS4Z,CW176
EM1109,Retired,03/15/2013,08/30/2013,06/20/2014,08/03/2014,TQQNET8VA,CW179
EM1110,Active,03/15/2013,07/06/2013,01/06/2018,06/19/2018,R990A82BZ,CW179
EM1111,On Leave,11/03/2007,08/21/2008,11/30/2009,01/21/2010,ZN14CSCFM,CW187
EM1112,Retired,12/05/2005,01/22/2006,07/17/2010,01/05/2011,KL5KIPLN5,CW197
EM1113,Active,12/05/2005,11/04/2006,05/12/2009,10/19/2009,YD7EURRUD,CW197
EM1114,Retired,12/05/2005,06/20/2006,04/20/2011,05/30/2011,3TTR6ZYAB,CW197
EM1115,Active,11/14/2011,10/22/2012,04/21/2013,07/27/2013,ZTQNQUNKG,CW200
EM1116,On Leave,11/14/2011,05/17/2012,04/29/2017,06/19/2017,9JOX60PJA,CW200
EM1117,Active,11/14/2011,10/19/2012,07/18/2016,12/30/2016,8AHV01P57,CW200
EM1118,Retired,05/05/2012,07/20/2012,10/12/2015,02/13/2016,EMMA1Y60T,CW208
EM1119,On Leave,04/07/2009,12/28/2009,10/10/2013,12/17/2013,YBR9VDCVR,CW226
EM1120,Active,04/07/2009,09/08/2009,05/02/2013,07/25/2013,AB49F7ZL9,CW226
EM1121,Retired,07/25/2012,08/12/2012,10/19/2013,01/03/2014,RRI5OKBV6,CW030
EM1122,On Leave,07/25/2012,03/07/2013,02/02/2017,05/08/2017,4J4E9TVGW,CW030
EM1123,Active,07/24/2005,04/28/2006,10/19/2010,01/20/2011,XWCSWHOSU,CW031
EM1124,Active,07/24/2005,07/27/2005,05/25/2006,07/29/2006,WE0N9IGBL,CW031
EM1125,On Leave,04/04/2007,03/25/2008,11/04/2010,03/16/2011,1TMXA7GW9,CW039
EM1126,On Leave,04/04/2007,04/28/2007,07/30/2008,01/14/2009,RXVAV8NL8,CW039
EM1127,Active,04/04/2007,07/15/2007,10/16/2011,01/09/2012,JWP48FXVH,CW039
EM1128,On Leave,11/04/2014,08/04/2015,06/02/2018,10/18/2018,P7I8BVI5L,CW048
EM1129,Active,11/04/2014,07/12/2015,01/17/2019,05/15/2019,79BTIJ55K,CW048
EM1130,On Leave,09/17/2010,08/24/2011,03/28/2014,07/16/2014,IE8GKTBHI,CW052
EM1131,On Leave,01/03/2007,08/23/2007,05/26/2010,10/21/2010,7CKE99S7Q,CW054
EM1132,Retired,01/03/2007,01/17/2007,11/14/2009,01/11/2010,UO8MCG5X6,CW054
EM1133,On Leave,01/03/2007,05/25/2007,04/19/2008,08/07/2008,5SBI6YWGV,CW054
EM1134,Active,11/17/2010,06/11/2011,01/21/2013,03/20/2013,MQRDQ1348,CW063
EM1135,Active,11/17/2010,01/03/2011,03/20/2012,05/29/2012,WZ1Q9GRCJ,CW063
EM1136,Active,02/06/2012,02/16/2012,04/23/2015,06/25/2015,J0PTM5DP9,CW070
EM1137,Retired,02/06/2012,06/28/2012,02/08/2017,07/15/2017,H5RVAFHKV,CW070
EM1138,On Leave,02/06/2012,12/20/2012,07/05/2015,11/09/2015,B5P7TERCW,CW070
EM1139,On Leave,02/12/2015,01/04/2016,12/29/2020,05/20/2021,ZLLZMEN9C,CW078
EM1140,Retired,02/12/2015,12/06/2015,09/20/2019,12/08/2019,0GH3LXHYZ,CW078
EM1141,Retired,08/16/2005,09/23/2005,11/26/2009,03/27/2010,VRLL586RX,CW080
EM1142,On Leave,08/16/2005,01/26/2006,03/29/2008,05/09/2008,YPS077KWL,CW080
EM1143,On Leave,12/13/2010,11/12/2011,05/03/2014,08/02/2014,B00K5PX9G,CW081
EM1144,Retired,12/13/2010,05/19/2011,08/22/2014,11/05/2014,3F5RT2R3F,CW081
EM1145,On Leave,12/13/2010,08/25/2011,06/01/2012,09/02/2012,4ULU5QPSO,CW081
EM1146,Active,01/30/2011,11/13/2011,06/30/2013,10/03/2013,WZ2PCEOB9,CW086
EM1147,Active,10/19/2011,10/22/2011,05/02/2014,06/05/2014,Z72220M38,CW088
EM1148,On Leave,10/19/2011,08/19/2012,07/08/2017,09/24/2017,8H60CGIP5,CW088
EM1149,On Leave,02/19/2012,09/01/2012,12/07/2014,02/03/2015,2ASWLV70K,CW092
EM1150,Retired,02/19/2012,04/25/2012,11/26/2015,04/18/2016,TL3ACEQYQ,CW092
EM1151,Retired,09/25/2008,05/04/2009,01/24/2013,03/14/2013,MFPQ1GO4Z,CW093
EM1152,On Leave,09/25/2008,07/28/2009,11/10/2012,04/07/2013,6TCSC6JAA,CW093
EM1153,Retired,09/25/2008,06/18/2009,02/20/2012,05/05/2012,G14FV75NP,CW093
EM1154,Active,09/11/2007,03/03/2008,09/17/2010,11/23/2010,TT9ETWRF6,CW095
EM1155,On Leave,09/11/2007,07/27/2008,02/21/2012,06/27/2012,J92AZHFE6,CW095
EM1156,Retired,09/11/2007,03/09/2008,04/07/2009,08/09/2009,NBR51LWQC,CW095
EM1157,Retired,06/24/2014,12/29/2014,04/28/2019,06/25/2019,R5WWZAFUF,CW097
EM1158,Retired,04/16/2009,08/24/2009,01/26/2014,04/15/2014,MXFXKW49O,CW098
EM1159,Active,04/16/2009,12/20/2009,05/16/2013,10/08/2013,A0N8FG0CO,CW098
EM1160,Retired,11/13/2012,02/21/2013,07/23/2015,10/22/2015,W5V144NC3,CW100
EM1161,Active,11/12/2006,10/01/2007,10/23/2011,02/15/2012,5LMZRM9AK,CW105
EM1162,Retired,11/12/2006,12/08/2006,07/19/2009,12/04/2009,O7LOO680B,CW105
EM1163,Active,11/12/2006,07/30/2007,11/01/2010,01/23/2011,GOE8V95UD,CW105
EM1164,On Leave,10/18/2014,05/13/2015,03/02/2020,08/03/2020,G6LJGOCYK,CW106
EM1165,Active,10/18/2014,11/08/2014,08/18/2018,09/23/2018,HCV3C8UID,CW106
EM1166,Retired,05/06/2006,06/30/2006,08/08/2008,01/21/2009,Y2AJA78JT,CW108
EM1167,Retired,06/14/2013,03/10/2014,05/21/2018,10/27/2018,V8Z1DAVCS,CW111
EM1168,On Leave,06/14/2013,10/17/2013,08/17/2015,09/16/2015,G694DLKIZ,CW111
EM1169,Retired,06/14/2013,03/17/2014,10/21/2017,03/25/2018,588VB45JT,CW111
EM1170,Active,11/16/2013,06/22/2014,09/29/2017,12/02/2017,S0XJ1PWVD,CW113
EM1171,Active,06/14/2005,09/26/2005,12/28/2008,04/27/2009,UN8H4UWZA,CW133
EM1172,Retired,06/14/2005,04/01/2006,07/15/2008,08/22/2008,I3UHA58DU,CW133
EM1173,Active,12/06/2013,11/21/2014,11/16/2019,01/07/2020,7AKQ278U2,CW135
EM1174,On Leave,12/06/2013,05/29/2014,09/15/2015,02/07/2016,DG28PXPEM,CW135
EM1175,Retired,05/18/2008,12/20/2008,07/06/2009,11/20/2009,6L1QVWC8Q,CW138
EM1176,Active,05/18/2008,05/13/2009,12/18/2013,05/01/2014,F6TC72U4W,CW138
EM1177,Retired,02/10/2007,10/27/2007,01/16/2012,02/23/2012,TJVGYELMW,CW140
EM1178,Active,11/06/2009,01/29/2010,05/25/2011,07/05/2011,7CK7TP47K,CW141
EM1179,Retired,11/06/2009,11/06/2009,08/02/2010,09/09/2010,NYUL5Z423,CW141
EM1180,Active,12/02/2011,11/20/2012,02/11/2016,04/23/2016,Q82EGTPIE,CW143
EM1181,On Leave,12/02/2011,04/15/2012,09/23/2015,11/16/2015,KIVRVBTIZ,CW143
EM1182,On Leave,06/27/2006,09/15/2006,01/08/2011,03/02/2011,TPC51RYJF,CW144
EM1183,Retired,04/24/2008,05/15/2008,07/13/2009,09/18/2009,9NZ0Y2O6J,CW145
EM1184,Active,04/24/2008,11/24/2008,03/29/2012,05/23/2012,M3PPS75QV,CW145
EM1185,Retired,04/24/2008,02/17/2009,02/24/2012,07/14/2012,TT89GF4K5,CW145
EM1186,On Leave,11/05/2005,07/01/2006,09/23/2009,12/23/2009,6U7H7EW4Q,CW148
EM1187,On Leave,11/05/2005,08/06/2006,06/09/2008,07/28/2008,YZ7VD93JI,CW148
EM1188,On Leave,11/05/2005,01/14/2006,01/29/2010,06/27/2010,R8Z8GJKAW,CW148
EM1189,Retired,06/09/2007,06/22/2007,10/15/2011,12/16/2011,TDNI7WVS5,CW151
EM1190,Active,06/09/2007,10/03/2007,05/27/2012,11/20/2012,8CDZEDYXB,CW151
EM1191,Active,06/09/2007,02/28/2008,10/03/2009,11/25/2009,I18H7W5XV,CW151
EM1192,Retired,11/01/2006,02/22/2007,12/14/2007,05/27/2008,8D5FH09EN,CW152
EM1193,On Leave,02/08/2012,07/30/2012,05/05/2014,09/08/2014,CLYWUGZ25,CW166
EM1194,Active,02/08/2012,08/02/2012,08/11/2016,01/08/2017,WJLZNKHCN,CW166
EM1195,Retired,05/30/2005,07/18/2005,11/25/2009,04/26/2010,Q98ST8EFM,CW168
EM1196,On Leave,05/30/2005,03/01/2006,05/22/2009,07/30/2009,6BICWEF8M,CW168
EM1197,On Leave,09/22/2005,12/29/2005,12/26/2008,04/19/2009,XWODNUXLI,CW169
EM1198,Retired,09/22/2005,01/12/2006,02/12/2010,05/22/2010,WK37TMYDN,CW169
EM1199,On Leave,09/22/2005,06/08/2006,03/29/2010,05/11/2010,2E145SIJ4,CW169
EM1200,Retired,12/08/2006,06/14/2007,12/26/2009,04/06/2010,3SWTAQFDX,CW170
EM1201,Retired,12/08/2006,03/29/2007,04/03/2009,08/30/2009,GI2I2TRDP,CW170
EM1202,Active,12/08/2006,09/28/2007,06/10/2008,08/11/2008,07HZ5L9VB,CW170
EM1203,Retired,12/30/2013,04/13/2014,05/31/2018,09/11/2018,DM989HTBW,CW181
EM1204,Active,09/23/2009,01/23/2010,01/03/2014,04/03/2014,FRSSJHR4T,CW185
EM1205,On Leave,06/28/2006,06/18/2007,01/13/2009,06/11/2009,BK15XI4DC,CW192
EM1206,On Leave,04/30/2008,07/21/2008,08/10/2010,01/18/2011,Z79GRLZCU,CW204
EM1207,Retired,01/10/2013,04/23/2013,02/13/2017,05/28/2017,D2EWQTRVO,CW205
EM1208,Active,01/10/2013,09/19/2013,11/20/2014,04/17/2015,QVQ4STB2D,CW205
EM1209,Active,01/10/2013,01/03/2014,11/26/2016,02/19/2017,39W6PRDQO,CW205
EM1210,Active,10/07/2011,11/01/2011,05/16/2015,08/17/2015,DQEN4EACB,CW213
EM1211,Retired,04/13/2014,08/22/2014,02/08/2018,07/18/2018,LAASFA7WG,CW215
EM1530,Active,03/11/2010,05/20/2010,02/02/2013,06/28/2013,LDXG14I5F,CW296
EM1531,Retired,05/25/2006,10/23/2006,10/15/2009,03/06/2010,7R4OJ0R7S,CW297
EM1532,Retired,05/25/2006,01/15/2007,03/14/2008,09/08/2008,EZCQ8T2EG,CW297
EM1533,Active,05/25/2006,08/06/2006,06/30/2010,12/12/2010,XO6XJMQ3D,CW297
EM1534,Retired,03/03/2006,09/14/2006,10/04/2010,11/15/2010,5PQ75QN32,CW298
EM1535,On Leave,03/03/2006,03/20/2006,05/06/2008,06/19/2008,TW7HPY8Y0,CW298
EM1536,On Leave,06/04/2012,01/24/2013,02/06/2014,05/28/2014,4RHZJMY5H,CW299
EM1537,On Leave,06/04/2012,01/09/2013,04/06/2016,09/02/2016,6TVAZO2EM,CW299
EM1538,Retired,06/04/2012,03/09/2013,02/11/2014,05/15/2014,C1FXKJG39,CW299
EM1539,On Leave,06/27/2009,09/28/2009,10/19/2011,03/10/2012,YLPNRVJA3,CW300
EM1540,Active,10/21/2010,11/17/2010,10/08/2013,02/21/2014,XLMZC9A3T,CW301
EM1541,Active,09/07/2005,04/22/2006,07/01/2007,08/19/2007,08Y4NAXU2,CW302
EM1542,Active,09/07/2005,08/19/2006,07/20/2010,11/10/2010,WSZQM5SHD,CW302
EM1543,Active,07/07/2005,07/22/2005,12/05/2007,02/13/2008,3LHHV3QT1,CW303
EM1544,On Leave,07/07/2005,11/30/2005,08/07/2008,01/07/2009,D45Z4Y98F,CW303
EM1545,Retired,01/19/2008,09/18/2008,10/02/2010,02/28/2011,45SEP3LT0,CW304
EM1546,Retired,03/17/2011,08/30/2011,11/09/2015,04/11/2016,2X39DML35,CW305
EM1547,Active,03/17/2011,09/08/2011,06/04/2015,11/03/2015,X6GP43NUI,CW305
EM1548,Retired,03/17/2011,01/11/2012,06/18/2014,07/30/2014,FP77JJS81,CW305
EM1549,Active,06/21/2006,02/12/2007,03/07/2010,06/03/2010,FQPE2HMPE,CW306
EM1550,Active,01/24/2008,04/15/2008,09/24/2012,11/25/2012,5I9XFSKOX,CW307
EM1551,Active,01/24/2008,09/08/2008,06/22/2009,08/12/2009,4R86ZJB1I,CW307
EM1552,Retired,07/14/2010,03/16/2011,08/25/2012,12/21/2012,RQK7AASK2,CW308
EM1553,Active,04/06/2007,02/06/2008,08/02/2011,09/10/2011,GQZ050E5I,CW309
EM1554,Active,05/19/2013,10/25/2013,10/30/2014,12/30/2014,47R716R83,CW310
EM1555,On Leave,02/10/2007,08/18/2007,03/14/2011,08/18/2011,2G6UVMFNK,CW311
EM1556,Retired,02/10/2007,01/22/2008,07/16/2012,01/06/2013,U5AOEM8WV,CW311
EM1557,Retired,07/16/2005,07/10/2006,08/04/2009,01/27/2010,W721WZ07F,CW312
EM1558,On Leave,12/08/2014,12/17/2014,12/13/2015,04/05/2016,26FD20EBG,CW313
EM1559,Retired,12/08/2014,10/09/2015,06/29/2019,10/04/2019,N3VH1UG1A,CW313
EM1560,Retired,05/06/2013,10/09/2013,01/23/2018,05/29/2018,HIR9LO6S9,CW314
EM1561,Active,05/06/2013,08/30/2013,06/01/2017,11/25/2017,441MWVMJ0,CW314
EM1562,On Leave,01/10/2006,04/03/2006,08/23/2009,01/07/2010,P9ZQBMOR1,CW315
EM1563,Active,01/10/2006,05/21/2006,01/11/2007,07/01/2007,V2BOKGINT,CW315
EM1564,Active,10/05/2014,07/07/2015,12/02/2019,05/11/2020,JPNKIGAHL,CW316
EM1565,On Leave,08/19/2008,02/25/2009,11/19/2013,01/20/2014,4U5MXFSAU,CW317
EM1566,Retired,04/19/2013,11/12/2013,05/20/2018,08/26/2018,RNPHCH2QI,CW318
EM1567,Active,04/19/2013,02/28/2014,07/29/2016,10/15/2016,QD8BP2QJN,CW318
EM1568,Retired,03/23/2013,06/29/2013,11/23/2017,04/18/2018,COYNNIK9Q,CW319
EM1569,Active,03/23/2013,06/18/2013,11/27/2015,04/13/2016,9J4OA12NR,CW319
EM1570,Retired,03/23/2013,11/01/2013,02/26/2017,04/29/2017,WJ86D7LW4,CW319
EM1571,On Leave,06/21/2008,02/07/2009,05/07/2013,10/01/2013,GC6NNJX3K,CW320
EM1572,Retired,06/21/2008,03/27/2009,02/09/2013,04/28/2013,MW414R94P,CW320
EM1573,Retired,09/22/2010,04/15/2011,05/08/2012,10/05/2012,UVOZA3NLW,CW321
EM1574,Retired,04/19/2012,04/27/2012,12/10/2013,05/20/2014,D6IIHX9JT,CW322
EM1575,Retired,04/19/2012,08/26/2012,05/18/2014,07/01/2014,8VXUK45AC,CW322
EM1576,Retired,04/19/2012,09/10/2012,09/14/2015,12/03/2015,L82C5VHVI,CW322
EM1577,Retired,01/08/2014,08/06/2014,04/24/2016,09/18/2016,Y4X7JOWKK,CW323
EM1578,Active,12/01/2014,11/17/2015,06/22/2018,11/22/2018,C1NH7DVYS,CW324
EM1579,Retired,12/01/2014,07/12/2015,04/26/2016,09/24/2016,N8GMGKWO7,CW324
EM1580,On Leave,12/01/2014,10/22/2015,10/03/2019,11/28/2019,7X1XZTA1S,CW324
EM1581,Active,09/21/2013,01/16/2014,12/21/2015,01/22/2016,KJ8YIIQQZ,CW325
EM1582,Active,09/21/2013,04/11/2014,03/09/2015,07/08/2015,8SISW4U2H,CW325
EM1583,Retired,09/24/2009,04/09/2010,09/17/2012,01/27/2013,ZORONE027,CW326
EM1584,Retired,04/23/2009,10/12/2009,12/06/2012,02/06/2013,P42GAJKWP,CW327
EM1585,Retired,01/16/2006,09/29/2006,03/04/2010,06/02/2010,757M8ZFVV,CW328
EM1586,Active,01/16/2006,02/21/2006,05/26/2007,10/08/2007,PMJ6HGKNA,CW328
EM1587,Active,01/16/2006,09/20/2006,07/15/2011,11/28/2011,Q4N3Z8A02,CW328
EM1588,Retired,06/30/2010,12/14/2010,04/26/2013,10/12/2013,WY3RYA2VQ,CW329
EM1589,Active,06/30/2010,08/15/2010,04/14/2012,08/21/2012,D46GD4BRE,CW329
EM1590,On Leave,06/30/2010,06/02/2011,08/12/2015,09/17/2015,0VK9FAY3W,CW329